Variables,VIF
Age,7.97159400007326
Games Played,9.806361388803788
Games Started,5.610802116767467
3-Point Field Goals Per Game,6.025632862652683
Free Throws Per Game,4.979311170331936
Offensive Rebounds Per Game,5.8264138675204675
Assists Per Game,6.813474818269055
Steals Per Game,8.232746488433396
Blocks Per Game,3.937388516948859
